empleado_id,clave,nombre,ap_pat,ap_mat,telefono,encargado_id,asociacion_id
1,11875,Kain,Milkeham,Goddard,18284760,65,6
2,42803,Patricia,Hercock,Brinicombe,37393455,53,5
3,52417,Bo,Steere,Stonary,48589123,5,6
4,3138,Myrlene,Henrichs,Franzettoini,53036043,75,10
5,72154,Gradey,Grandisson,Tomala,29339924,42,7
6,86252,Lucias,D\'Adamo,Chanders,40956922,63,5
7,47237,Lisle,Saddleton,Matfield,31324586,34,9
8,27693,Hilly,Colgan,Romanet,30225201,36,5
9,19489,Korella,Choke,O\'Hingerty,21816680,36,2
10,6728,Dyann,Chate,Adin,53983139,41,4
11,59945,Karry,Kleinstub,Dauby,30073165,73,4
12,31785,Eilis,Gussie,Jasik,24514181,51,1
13,74412,Korie,Storry,Chennells,35013176,33,3
14,18865,Mallissa,Ivanitsa,Routh,36298309,86,9
15,43018,Deb,Duxfield,Grievson,50543248,90,2
16,65234,Dannie,Laxtonne,McGeachey,33651846,34,8
17,51890,Thebault,Gethins,Goodliff,20931568,78,4
18,98226,Ariela,Tipperton,Goodluck,46604500,38,5
19,39933,Josie,Simkin,Blague,54557092,62,2
20,78726,Woodrow,Rizzardini,Goscar,50443058,56,8
21,41509,Thebault,Normanville,Tather,29239951,3,1
22,41718,Linus,Hanselman,Demeza,32899302,85,2
23,87310,Emmy,Claire,Habens,55812779,15,2
24,17842,Frederigo,Smitherham,Edgeson,51496351,21,1
25,37811,Percy,Marrable,Marshallsay,39078969,39,10
26,95813,Barty,Flescher,Leatherborrow,19993329,94,8
27,27979,Prisca,Roscow,Payton,53302432,26,5
28,33679,Felicle,Rogerot,Duddan,46677265,63,3
29,78308,Kincaid,Orrick,Limmer,32572521,77,1
30,4264,Nikki,Double,Wayman,53480411,27,3
31,28303,Urbain,Partrick,Harnott,50865505,97,1
32,45897,Davey,Choules,Lambert,36710301,62,4
33,41628,Carter,Leglise,Chatelain,28340108,56,1
34,43799,Luce,Hodjetts,Stendall,39443352,51,5
35,39624,Amara,Cunniffe,Le Blond,23712237,19,8
36,16563,Ben,Wardhaugh,Villar,42522074,30,7
37,45548,Tally,Keep,Codi,16853563,47,3
38,93819,Nyssa,Ghent,Brumbye,49274326,73,6
39,99513,Melisent,Bulleyn,Pastor,30960436,25,5
40,55080,Wilbert,Clemetts,Salway,28748103,57,2
41,7730,Korie,Croux,Grishelyov,46664522,18,7
42,60507,Mitch,Margach,Zanutti,29101118,86,10
43,49042,Chen,Calterone,Kumar,16187959,99,5
44,16750,Olimpia,Peery,Vlasyev,51172992,85,5
45,98232,Fredericka,Semeradova,Casillis,27484599,41,1
46,30964,Rae,Dionisii,Kierans,36308768,36,2
47,3006,Royal,Sharpley,Jarrold,43328046,20,9
48,86742,Denice,Tryhorn,Armstead,15870450,22,1
49,63395,Harlene,Layne,Grangier,49711131,33,7
50,80595,Emelen,Gippes,Bufton,42499538,8,7
51,51172,Francis,Jillitt,Greenhowe,45699281,22,8
52,96141,Tammie,McKennan,Gomersal,45684803,75,1
53,37245,April,Mosten,Garfield,40453879,4,5
54,50397,Johnathon,Blakelock,Fenners,26352435,72,5
55,20737,Hale,Jillins,Cholomin,40057280,68,6
56,42121,Delores,Fasson,Iacomo,50415309,75,8
57,9094,Cordula,Wreford,Vater,21289830,51,10
58,23939,Clari,Jeannard,Nuccii,48762520,65,9
59,68070,Ellen,Labbe,Sayre,29278333,80,5
60,10849,Edithe,Rump,Ferreiro,17900919,86,2
61,84710,Phyllys,Pywell,Dolling,24612247,59,8
62,19688,Dorothy,Batrip,Smallpeice,54068631,51,1
63,57078,Horace,Dod,Treherne,29708736,75,9
64,28197,Zacharias,Slowley,Hatrick,40139048,39,5
65,22333,Lem,Darwent,Coffin,33311079,73,9
66,53377,Cassius,Graver,Millins,30552394,63,4
67,92406,Ester,Mordaunt,Kleingrub,26132985,64,1
68,88316,Jehanna,Ebbin,Bowring,55606800,83,5
69,63510,Camilla,Baumford,Keford,52207007,22,3
70,11577,Karlik,Speer,Mergue,16671123,43,10
71,25543,Marrissa,Pacht,Allsworth,44324892,94,6
72,85296,Valentijn,Shrubshall,Caseley,23841049,91,8
73,48224,Arlana,Dorn,Andrusov,24540417,77,8
74,58854,Chris,Chase,Hitcham,17575237,18,9
75,3289,Zolly,Worssam,Nelthropp,31314924,54,9
76,72720,Regina,Dart,Branscombe,35618282,80,7
77,72520,Udale,Jaher,Elderton,17536513,26,10
78,16869,Lind,Bohlje,McCarrell,27516299,79,10
79,19112,Raquel,Teape,Duke,27776900,80,1
80,83090,Leelah,Varty,Stoffels,23798473,5,3
81,8230,Pascale,Strognell,Bauldry,39666819,92,6
82,80854,Lillian,Smaile,MacGall,46896186,40,1
83,44366,Egor,Monshall,Morrallee,20441907,76,5
84,47499,Patsy,le Keux,Ternent,53996888,85,8
85,41494,Jeth,Kennington,De Beauchemp,52390007,63,9
86,22035,Reginauld,Jarvie,Bonett,39484552,61,10
87,14720,Englebert,Gilvary,Turfus,30059210,4,1
88,93361,Mac,Duchart,Dyter,29906900,93,6
89,34570,Herrick,Jochen,Livingston,33488755,58,3
90,7780,Donielle,Syder,Goslin,46025492,22,3
91,57298,Susi,Heustice,Minall,54194095,33,6
92,21414,Michele,Micco,Igounet,44336696,81,4
93,47462,Suzi,Byrd,Rahill,44129241,30,6
94,82927,Ryann,Hubberstey,Bowditch,19807508,9,4
95,91830,Angelico,Strathearn,Finn,47775401,27,8
96,35546,Florian,Linbohm,Padmore,55275720,50,3
97,52730,Dotti,Kerfod,Gaddes,32208866,64,3
98,70034,Marlane,Foulstone,Brumbie,52038373,96,4
99,88269,Sandye,Abrahmson,Trickett,41828365,80,4
100,89104,Aldrich,Lock,Jankin,51214595,18,5
101,24116,Grantham,Lowton,Rewan,22195158,93,3
102,80775,Taber,Behrend,Kabisch,35714911,84,5
103,61495,Herold,Summerlee,Laurisch,49060337,52,10
104,98414,Sarette,Goodwell,Daymont,28536808,10,9
105,65127,Elisa,MacFayden,Leving,38384914,52,6
106,25810,Huey,Sends,Wordington,47735042,18,6
107,5142,Nadeen,Gladdifh,Livesey,39651423,84,3
108,74026,Viviene,Diemer,Beverage,18476576,74,5
109,26933,Gabbie,Maleham,Chick,37516703,24,6
110,35111,Simon,Boarleyson,Foxton,53406594,87,2
111,415,Way,Matuszyk,Annand,36776312,99,9
112,42903,Jessalyn,Nancarrow,Kaasman,26934603,91,8
113,33604,Michaelina,Janeczek,Fearick,27882705,57,3
114,39750,Sullivan,Wandrey,Clemmens,49006266,90,6
115,23776,Cathleen,Burdis,Pardew,52210824,25,1
116,58773,Carmon,Gallamore,Vaun,45766471,2,5
117,12753,Charlie,Trubshaw,Yardy,25038134,82,1
118,38647,Cass,Larrie,Bertlin,30696389,3,2
119,52958,Kirsten,Ollerhad,Tale,54259082,34,4
120,26068,Suzi,Bachs,Flude,40847248,2,3
121,84438,Tina,Abrahmson,Possel,37765535,46,7
122,66174,Augustin,Gatsby,Gaskal,51752588,32,8
123,98485,Burl,Colegrove,Emptage,47282848,8,3
124,64662,Merissa,Bunnell,Brusin,26437691,60,2
125,21544,Trace,Waldron,Etherson,21718453,14,4
126,44639,Dorena,Bute,Lydon,46731864,37,6
127,90016,Maribel,Youd,Schirak,47746373,84,10
128,65940,Appolonia,Kleiser,Harrold,47652274,9,3
129,54093,Alyse,Chipman,Oloshkin,45840291,92,9
130,46091,Arney,Daintrey,Connerly,47796640,8,3
131,63661,Irena,Hollyar,Western,45214609,72,5
132,83693,Nat,Skupinski,Bradneck,33912888,90,7
133,84214,Carroll,Filgate,Milch,31818941,29,7
134,25145,Salim,Porcher,Klasen,16197569,76,8
135,54324,Brooke,Kahen,Begg,34742038,88,7
136,82048,Patrice,McDavid,Pascall,36488755,54,8
137,42361,Kath,Cranch,Kunzelmann,33653503,80,4
138,43134,Deloris,Ebertz,Pitson,47131244,33,7
139,87597,Boone,Marnane,Dinnis,24638157,50,8
140,37666,Ulberto,Ort,Whitebread,34207369,92,6
141,21887,Myrvyn,Olenchikov,Karchewski,47674649,76,3
142,30986,Petronella,Bhar,Ivanovic,15388882,60,5
143,20384,Ahmed,Morphew,Semark,38472921,2,7
144,19916,Kim,Mariet,Casassa,35633636,4,5
145,79687,Mel,Bosche,Roper,49314742,69,3
146,94578,Martyn,Sijmons,Jirusek,32862905,36,9
147,70040,Laney,Hosburn,Cholonin,43541792,77,5
148,40375,Emery,Lockitt,Fotheringham,41243642,93,9
149,83839,Amil,Johnson,McEvilly,51844239,65,7
150,82037,Jemie,Jerke,Cosgrove,53803838,92,6
151,21868,Alessandro,Cruz,Pettyfar,50657371,50,10
152,95254,Reider,Gaspar,Dennett,45594453,40,1
153,12119,Stillmann,Rennicks,Kuhnel,36536898,16,2
154,10321,Gayler,Ambrosini,Ogers,36954062,39,1
155,98787,Margareta,Sallings,Oglesbee,47599234,71,7
156,44952,Stirling,Cutting,Molineux,38668187,29,10
157,53706,Kristel,Glede,Reddyhoff,46558494,77,9
158,12346,Cobby,Pimer,Newling,16623997,93,5
159,34641,Minette,Cauley,McTiernan,37589286,97,1
160,74968,Theodosia,Teager,Boame,47418844,51,8
161,88181,Faythe,Devita,Sheepy,27424607,14,4
162,33226,Britni,Graundisson,Samsonsen,31929113,76,4
163,89092,Edyth,Feathersby,Maidlow,41300613,86,5
164,88502,Thia,Sattin,Jillions,44589088,80,4
165,32049,Benjie,Pere,Stirtle,22118402,96,3
166,72198,Cilka,Lockey,Byart,16338989,49,5
167,87300,Orlando,Ison,Godier,34997479,50,7
168,54935,Donall,Dumbar,Corradeschi,35195288,10,2
169,53573,Pauly,Caygill,Finlow,49378169,93,1
170,36150,Theodor,Tordiffe,Trevaskiss,34242870,15,8
171,50100,Tabatha,Bithell,Lincoln,21902873,15,5
172,41869,Isabel,Yallowley,Frankel,55570484,43,5
173,55864,Vallie,Melladew,Briddock,18942759,69,9
174,57714,Ricki,Mathen,Layton,49639751,79,8
175,26712,Oran,Leftridge,Carragher,16973703,3,9
176,88979,Rina,Casaro,Sinkins,50463039,47,7
177,13444,Alikee,Budcock,Pickin,42975893,68,2
178,62546,Shaun,Satchell,Malek,19218477,55,2
179,9044,Constance,Matherson,Powton,43732851,23,8
180,18052,Orel,Hambridge,Mulvaney,52861921,25,4
181,68448,Westley,Urquhart,Walford,49258040,70,4
182,64834,Rey,Karpenya,Petrus,22949231,48,7
183,40439,Roberto,Caskey,Peeter,28571491,6,3
184,14254,Nina,Maddy,Mayward,23421035,84,5
185,41397,Yuri,Droogan,Maciaszek,36057744,5,4
186,3513,Thorn,Lafay,Bolton,53570466,72,7
187,21644,Margarete,Teek,Atkins,16392920,77,8
188,20926,Gretchen,Tunno,Stops,27378241,59,5
189,34936,Othilia,Persicke,Palay,20474296,77,8
190,51001,Lyndsey,Ridpath,Dy,18231695,33,10
191,60325,Alexia,Vane,Doni,36176629,56,8
192,31453,Linn,Theyer,Stanyard,37326902,93,4
193,60774,Constantin,Kobiela,Rizon,23149604,5,1
194,94949,Rikki,Budcock,Sange,34364643,17,2
195,66893,Aeriela,Dowsett,Ducker,17846022,48,3
196,12448,Shane,Palay,Cholerton,53943908,26,1
197,76714,Timmy,Mayell,McGavigan,24223572,64,6
198,71365,Julian,Osmon,Large,43140790,69,4
199,43919,Nessy,Monument,Gatecliffe,26005443,19,8
200,51161,Peggy,Romanini,Atte-Stone,23274556,63,2
201,6514,Janaye,Alforde,Maunsell,47250247,83,10
202,21123,Bertie,Gaither,Beardwood,52704430,52,3
203,45845,Gil,Firmin,Obert,41372603,48,9
204,77995,Lombard,Narrie,Mingey,42583117,53,7
205,77351,Levi,Streeten,Clementson,54156410,1,2
206,72371,Corey,Oakden,Olwen,50147990,30,4
207,22045,Evie,Alton,Spottiswood,37823731,51,1
208,37282,Tarah,Sumpton,Pawsey,30327416,91,4
209,47160,Arlinda,Hardman,Baglan,49721478,67,8
210,76329,Margareta,Trigwell,Benedtti,31399913,42,1
211,29551,Erhard,Merrin,Graith,53908264,78,2
212,41381,Lindsey,Mummery,Rehn,47364903,2,2
213,11700,Jannelle,Dewes,Terbeck,37929518,71,1
214,33661,Iver,Elnough,Rosenkrantz,17666646,62,7
215,73211,Joby,Martynov,Urpeth,32723550,11,4
216,75722,Carling,Ellinor,Bantham,20940573,17,6
217,82241,Patty,Noakes,Keoghane,42815396,69,6
218,72589,Wald,Peteri,Attridge,24401649,48,6
219,46000,Koralle,Yurivtsev,Follows,24093223,67,10
220,90819,Costanza,Snadden,Hext,48253556,87,1
221,80413,Ann,Colquitt,Drife,54969282,97,5
222,35944,Ronald,Detoc,Brounsell,38519975,52,3
223,48836,Samuel,Beautyman,Ethelston,50499556,14,9
224,45872,Talia,Farnall,Counsell,34761154,23,5
225,15520,Tootsie,Cranmor,Brahmer,18287470,37,6
226,80189,Karalee,Daltry,Wadhams,52526042,45,3
227,48171,Franky,Brandi,Loosmore,41302894,87,3
228,13870,Maxie,Courvert,Curwen,51180272,74,7
229,5333,Alyce,Fugere,Tunnow,33833233,10,2
230,50224,Lorry,Colbertson,Anstee,48756188,26,9
231,49020,Lulita,Havill,Tersay,20509033,14,1
232,23537,Loralyn,Kopmann,MacCracken,24633984,57,6
233,65545,Aharon,Muncer,Smouten,51276623,88,6
234,37606,Gaye,Tindley,Wahncke,36742659,70,2
235,48401,Ursa,Vassbender,Noteyoung,44525704,29,4
236,12429,Karlens,Damsell,Spivie,38339891,64,1
237,39169,Sandra,Bertl,Sergeaunt,52829906,37,9
238,66418,Eartha,Duns,Rosenwald,46201120,80,2
239,46787,Lou,Marguerite,Widdocks,51020745,75,7
240,60754,Fleurette,Bresnahan,Whimper,55805353,84,9
241,23762,Leighton,Ship,Birkmyr,54523758,57,2
242,66603,Felicle,MacNab,Casari,15525207,38,5
243,23468,Ranna,Gye,Skitterel,32864084,30,5
244,64447,Alexio,Measures,Cauthra,54252302,30,8
245,6096,Cy,Kleen,Muslim,45746688,38,6
246,41892,Claudell,Fisbey,Bretherick,35626812,51,2
247,25384,Annmaria,Laugherane,Ragsdale,16749260,50,3
248,6070,Bernadina,Storrie,LeEstut,46192969,66,7
249,61833,Babita,Craigie,Blevin,34000078,34,6
250,21524,Walsh,Marten,Pattemore,33489096,69,6
251,88158,Worden,Pear,Mateescu,21479139,2,1
252,88098,Skye,Scatchard,Westmerland,31379571,54,5
253,80841,Wylie,Tankus,Sarginson,34771600,38,9
254,21168,Hamish,Joscelyn,Yurenev,19406925,77,2
255,22820,Marci,Hanney,Crewdson,35990551,2,3
256,15425,Saul,Hebron,Cawdron,18461498,82,2
257,8596,Tilda,Kenforth,Tremoulet,36419061,21,8
258,41466,Maribel,McKeighen,Lyvon,47749309,93,8
259,22427,Bride,Muckeen,Jacquemard,40462238,12,2
260,42133,Roosevelt,Hambridge,Bolgar,20686958,23,7
261,79797,Josey,Goldney,Astley,25648780,41,4
262,76912,Ynez,Killby,Yarrall,21809760,7,4
263,50255,Kimberley,Feldhorn,MacAulay,52817300,11,6
264,38044,Alf,Stilling,Fulstow,52494893,40,2
265,85357,Harley,Borel,O\'Rowane,40989340,95,7
266,58712,Rockwell,Wintour,Ludy,55012578,13,5
267,22302,Korney,Nanson,Lucio,35127148,48,2
268,62796,Jourdan,Duffitt,Leivesley,28687460,62,9
269,14010,Gert,Stucke,Formilli,47928764,97,10
270,37851,Al,Cowdroy,Maulin,21146406,80,2
271,83406,Kirstin,Gailor,Pougher,26752305,99,10
272,83350,Kittie,Prenty,Rubert,17619774,38,7
273,9397,Cynthia,Sadler,Ammer,53711032,54,10
274,72709,Candace,Fairey,Ivanisov,49849151,47,7
275,44695,Hilly,MacFarlan,Rochell,25576371,12,4
276,82061,Shep,Kettow,Spacy,44837322,69,4
277,23912,Cletis,Middlemass,Tacon,50656280,76,8
278,53126,Cesare,Wilsone,Rideout,48166402,6,5
279,60675,Luca,Klemz,Dodsley,41702144,56,4
280,68363,Steffane,Dukesbury,Brands,45388179,15,8
281,33082,Anselma,Bridle,Naylor,44060564,77,6
282,53336,Taffy,Aherne,Biddlestone,55556042,45,1
283,26370,Eula,Scohier,Finlay,50401636,38,5
284,9032,Osborn,Mebs,Howle,25187577,16,9
285,34662,Bud,Goodered,Madine,48406289,78,5
286,69774,Minni,Elies,Skillanders,16776918,80,6
287,27403,Cherri,Vickarman,Askey,50779557,70,9
288,99892,Hephzibah,Bulford,Silver,27116541,93,5
289,17747,Nettie,Kordes,Lindman,19818338,42,4
290,10236,Nikita,Hesey,Berryman,41906737,52,7
291,44399,Wainwright,Blanchette,Iacovini,21460416,80,10
292,51217,Holli,Steade,Winsley,22067119,24,1
293,31546,Murvyn,Ironmonger,Gammons,47720635,30,2
294,46806,Gamaliel,Rolstone,Milsted,26106474,65,6
295,49335,Dynah,Di Boldi,Easterbrook,37007011,38,4
296,90919,Northrup,Hubbuck,Souch,27883736,72,5
297,45018,Thane,Patrone,Bulter,15179699,76,2
298,62990,Shell,Presslie,Farlowe,48713363,4,2
299,97599,Tiena,Francisco,Coade,29819001,4,5
300,72159,Darcie,Dachey,Pirdy,18101700,84,8
301,43866,Alf,Suerz,Mitskevich,23380380,16,8
302,61734,Netta,Mowles,Matyatin,40528163,72,1
303,62711,Loutitia,Scrymgeour,Mayoral,20282272,69,2
304,94176,Constancy,Stroder,Budibent,51373951,97,9
305,45710,Johna,Eddison,Aspel,31815528,93,3
306,96392,Camala,Elijah,Dudden,40491096,34,7
307,62054,Damara,Timmermann,Acosta,39902660,23,8
308,96666,Lishe,Jefferd,Bavridge,40379927,21,4
309,99083,Odille,Strowthers,Messitt,42210855,90,2
310,1785,Margette,Philcock,Gerok,53538235,79,4
311,71438,Teresa,Dey,Heersma,45877745,79,9
312,56071,Ardella,Serman,Phorsby,17531968,58,8
313,19275,Dela,Tobias,De Biasio,45669545,17,1
314,64153,Velma,Toovey,Issac,45932367,37,10
315,25934,Kelby,Hamal,Pook,50512554,66,6
316,39980,Stuart,Stelle,MacElholm,47795006,80,9
317,72615,Gabie,Arsnell,Biggin,33529849,36,7
318,53198,Timothy,Vouls,Lovegrove,38168257,77,3
319,66621,Abbie,Ellice,Barz,21995087,93,2
320,98767,Earlie,Mackerel,Folkerts,15735880,49,9
321,80807,Kandace,Haglington,Lawson,19692273,91,5
322,25475,Gianina,Silverton,Bernasek,53913041,40,4
323,37900,Hollie,Dymott,Goning,21807066,44,8
324,96188,Xenia,Lafford,Hilling,44809171,44,2
325,60281,Webb,MacCarter,Vase,44885842,76,10
326,89354,Katy,Larvor,McGlaughn,55693977,82,6
327,93855,Ondrea,Chiles,Child,47752384,39,3
328,34128,Randall,Lipyeat,Hector,28071261,13,5
329,65305,Chery,Wollen,Salerg,41271002,56,4
330,18969,Myrtia,Wharram,Musselwhite,48496259,10,4
331,69316,Genni,Blamphin,Corps,44836060,57,7
332,37365,Dionysus,Sauter,Parfitt,29767057,35,10
333,68174,Matias,Kleisle,Darlaston,47228373,4,7
334,14590,Zondra,Clemintoni,McClosh,19571663,60,6
335,4619,Merrielle,Verrier,Le Conte,22235057,35,4
336,16772,Jacenta,Hudghton,Epinoy,25649743,73,7
337,78156,Brocky,Hasson,Colbran,17220049,44,6
338,20389,Berna,Murricanes,Shepperd,44433850,49,8
339,13084,Hurleigh,Wetherell,Alves,21319105,83,9
340,82048,Henrie,Boadby,Audsley,16348057,77,7
341,77237,Burgess,Postle,Davio,20265859,7,3
342,36108,Lyle,Thireau,Smith,54960437,39,2
343,67948,Koo,Labin,Donizeau,45052062,37,10
344,89484,Joe,Gostyke,Bernadzki,48326077,15,6
345,50987,Marley,Keyden,Leyband,54668446,11,2
346,51118,Halette,Hardaway,Gerhts,41132193,37,5
347,10133,Callean,Dowber,Pawlett,34532098,80,8
348,23340,Max,Voas,Brewers,47676966,67,8
349,25855,Guy,Tanser,Pettingall,18369428,6,2
350,37689,Prinz,Pottage,Cogger,17082723,31,4
351,53152,Merrily,Sibly,Wiggett,40809245,32,10
352,8732,Gabriellia,McQuillan,Menauteau,23692920,71,4
353,11844,Donavon,Luckcuck,Kilroy,55754511,62,3
354,21313,Kori,Boshard,McIlriach,23993921,58,1
355,57169,Starlin,Assender,Treadgold,39408830,8,10
356,65754,Marchall,Sines,Lawlie,18774630,16,5
357,19924,Yehudit,Chaters,Clyant,32165597,77,4
358,73584,Hedvig,Olyunin,Clementel,28693886,87,6
359,54155,Therine,Pllu,Cure,16701557,62,3
360,4645,Niko,Jammes,Cansdall,18434120,49,2
361,27235,Margarete,Nairy,Hallwood,39229852,43,7
362,76923,Ranice,Skelhorn,Ide,15574806,89,9
363,96297,Rudd,Dreng,Slocom,45572455,10,2
364,72963,Brigitta,Sirl,Passfield,17587951,5,7
365,59321,Brynna,Cankett,Swannell,17654163,95,1
366,26844,Dacia,Ianitti,Landrick,36635444,21,1
367,76395,Morrie,Corwin,Benito,16318488,85,2
368,66895,Magdalena,Fendlow,Steeden,18714211,47,10
369,40297,Evanne,Lafond,Chessell,39612177,41,5
370,13232,Correy,Bernardon,Folkerts,31846880,15,6
371,82091,Wakefield,Tomkin,Candish,33325918,98,5
372,49384,Riane,Strivens,Orsi,25242915,47,8
373,22122,Vernon,Maypowder,Lennie,28064930,12,6
374,33419,Randy,Sisnett,Van Oort,53514644,92,7
375,37380,Patrick,Robrow,Hassur,52605873,71,10
376,19420,York,Hayhoe,Frantzen,30435037,12,6
377,43308,Glynnis,Hardington,Rennick,26221834,33,1
378,92164,Lavena,Barsham,Lindman,26390898,84,8
379,56857,Neron,Barefoot,Orpyne,40981008,70,3
380,66212,Robbi,Presley,Bridgwater,49427112,13,9
381,12135,Tana,Egdell,Marder,15872844,27,4
382,20184,Ban,Farrar,Mortimer,46033702,38,4
383,71225,Leelah,Jesper,Lawes,26050136,68,9
384,88518,Reinhard,Vosper,Toffaloni,40853331,47,10
385,39350,Dominic,Beakes,Rigney,51001898,40,10
386,2857,Anatole,Wissbey,Cabane,49234424,76,5
387,41817,Gay,Bryers,Reading,47734658,55,6
388,88884,Jakob,Yuill,Hegg,29685791,56,7
389,75067,Mason,Krause,Braxay,54629565,81,5
390,75038,Reinhold,Pactat,Fluin,18753593,48,1
391,186,Oswell,Rainsdon,Tonepohl,42271984,79,3
392,95853,Jenn,Gomar,Gorring,41631626,1,10
393,43809,Yoshiko,Giovannini,Morforth,49390716,98,2
394,35539,Rubia,Ashingden,MacDonnell,24285903,25,3
395,60772,Bryan,Arnaudin,Farnall,16461760,96,2
396,13482,Emanuel,Salvati,Brokenshaw,47941697,70,4
397,55525,Trey,Helder,Goricke,30498601,21,2
398,27308,Tamiko,Carmichael,Castagne,32952323,70,6
399,82413,Rosita,Manach,Rolin,54158624,60,1
400,42278,Genvieve,Bensen,Senecaux,54547611,54,2
401,962,Lovell,Kelsall,Donativo,31644982,70,4
402,45034,Darill,Liddel,Sappy,26864695,16,9
403,72305,Elise,Crickmore,Brecon,15388575,34,9
404,35393,Anthe,Volonte,Niland,27403303,41,2
405,39802,Latashia,Gooderidge,Kerne,36675591,78,6
406,67652,Mozes,Hoofe,Shackelton,52186815,43,8
407,55765,Kayley,Izod,Willment,40519258,95,5
408,86454,Willy,Oselton,Trimbey,33104523,35,5
409,69396,Harlan,Point,Burfitt,36647190,83,6
410,89559,Gus,Aronovich,Pratley,23343248,46,3
411,82233,Jessamine,Powell,Vinall,46709161,15,1
412,44855,Elyn,Morritt,Mundy,46954369,87,5
413,58992,Karena,Fyfe,Valois,40897431,6,8
414,92824,Glynn,Turnpenny,Bevar,55118981,56,1
415,39438,Corly,Ivain,Pawelek,19768075,85,1
416,58735,Eddi,Guenther,Coldridge,28887739,4,5
417,68870,Raquel,Yakushkev,Spratley,34779950,88,5
418,36726,Renelle,Richen,Bullman,48896435,65,6
419,26720,Esteban,Cullon,Byrcher,42962091,20,8
420,23802,Philomena,Anster,Mottini,52687087,86,1
421,80875,Willy,O\'Fallowne,Coughan,44053614,73,3
422,61632,Corabelle,Yoxall,Crunkhurn,52531019,76,9
423,51593,Abbey,Damarell,Hadeke,31196760,14,5
424,2276,Valdemar,Humpatch,Ivanchov,51743484,21,5
425,96632,Sollie,Moylan,Plumridege,32879972,74,1
426,32105,Jayne,Kolczynski,Palfrey,30736512,92,1
427,97382,Garold,Stanlick,Dunthorne,49760956,89,4
428,91381,Preston,Lorriman,Van der Hoeven,26011177,9,7
429,11415,Risa,McColl,Meredith,44953614,18,8
430,21965,Cathy,Westbrook,Plowman,19940458,66,5
431,54782,Elfreda,Grindrod,Bransby,53631408,82,4
432,27176,Tanny,McGreay,Milson,26976546,21,2
433,35657,Dierdre,Crayk,McMeanma,23723634,73,5
434,34783,Evelin,Berresford,Veryard,26726872,84,2
435,68412,Margit,Kees,Bather,50061932,14,4
436,60446,Eliza,Peggram,Falshaw,30912382,95,10
437,46678,Nealson,Eagers,Urpeth,15356561,41,10
438,2666,Naoma,Pickance,Stefi,26842055,41,6
439,61406,Elene,Baulk,Cobb,53495342,47,3
440,34671,Marleah,Trimble,Boddam,48457652,10,9
441,86782,Philip,Chetham,Kalinsky,52720154,71,9
442,81746,Darci,Alecock,Dow,36729552,91,8
443,37609,Filmore,Leavold,Gherardini,37100113,82,6
444,62751,Gil,Doxsey,Calcutt,47480388,29,1
445,17241,Harrie,Dennington,O\'Growgane,40149224,49,4
446,39696,Frazer,Baume,Danilewicz,27646686,52,7
447,85303,Yvor,Heaviside,Silkston,47832949,20,2
448,41250,Nisse,Fumagalli,Verring,23282432,80,9
449,42811,Bobby,Bruhke,Worman,28192376,39,4
450,27998,Mandi,Layland,Walkinshaw,22599375,81,6
451,4478,Rance,Hamlin,Semark,51198112,47,2
452,53456,Egbert,Adamolli,Chant,31038667,50,10
453,42562,Eddy,Ambroz,Birwhistle,28334134,24,3
454,28904,Wynne,Jozsef,Aylott,42623664,64,9
455,88548,Mollee,Reveland,Kleisel,46360994,96,5
456,73535,Vivianna,Menhenitt,Davana,30964093,54,5
457,410,Patric,Glastonbury,Blacksland,18015083,25,5
458,5403,Hayden,Itscowicz,Lacelett,28596246,26,5
459,61389,Merrie,Spurrett,Nelthorpe,36565555,88,8
460,49962,Rabi,Franey,Jiggens,18875018,52,1
461,84815,Kenneth,Aldgate,Hirche,49771522,82,6
462,21206,Andy,Elstub,Alvarado,31437978,39,1
463,74058,Warden,Streatley,Twizell,54404175,98,3
464,55344,Vyky,Robottham,Guiton,23931128,89,10
465,16093,Melvyn,Dulson,Iskov,38900159,43,8
466,75618,Miller,Crigin,Leupoldt,20931202,91,8
467,70268,Erie,Batstone,Killelay,38335979,19,4
468,28827,Salem,Brierly,Ganforthe,21768567,68,8
469,41793,Avrom,Chamley,Stone,40719548,32,6
470,98051,Davy,Dubery,Benstead,25204355,59,2
471,91192,Chadd,Stainbridge,Vannucci,34717930,24,7
472,11921,Zorah,Scholig,Lanfranconi,49239557,80,6
473,30514,Danie,Bottjer,Lammie,18125887,39,2
474,91757,Aili,Libbe,Piggford,25024180,93,9
475,4573,Ronni,Clackers,Ligertwood,20380392,28,1
476,31692,Wally,Steane,Churcher,16160091,93,3
477,3621,Rolfe,Pardie,Paddefield,25282190,61,5
478,81448,Markus,D\'eathe,Gullam,35313990,47,10
479,43708,Pamela,Haburne,Rangle,42443738,78,8
480,2154,Tally,Rozet,Willingham,39605540,36,6
481,69446,Francois,Martyntsev,Clery,40040883,68,7
482,83703,Elset,Kenney,Calver,35997045,99,9
483,84571,Berty,Ferminger,Bedells,34761669,27,9
484,30898,Janeva,Winfield,Hamlett,30916754,92,6
485,37765,Toddy,Sellstrom,Robison,21881350,44,9
486,94888,Shandee,Dumini,Weir,28934088,42,2
487,13813,Janos,Earley,Dincey,30208086,91,7
488,83144,Killy,Vasechkin,Tivenan,26574668,65,10
489,91426,Ninon,Guillart,Spatoni,29428728,25,8
490,36972,Manda,Diggles,Maccraw,39677649,35,2
491,56111,Rori,Brommage,Issard,50864114,60,1
492,80352,Pippo,Mitten,Atterbury,40310553,57,9
493,43851,Jehu,Oxenbury,Orpyne,52640565,8,8
494,40404,Trevor,Yashnov,Luto,25680414,65,3
495,82608,Worthington,Reichardt,Furman,37895435,65,2
496,99193,Hamish,Barron,Covolini,50455553,86,3
497,2749,Stevena,Spuffard,Frayne,21051703,70,5
498,50974,Rudolfo,Faireclough,Scawton,17673128,87,10
499,87519,Devy,McNickle,Gantzman,25236517,50,7
500,29865,Agnella,Vaskov,Peeke,30106487,18,6
501,47839,Emmott,Heinz,Dewdney,36434587,76,7
502,13015,Bryana,Farrans,Dalgardno,42242074,3,4
503,55542,Byrle,Colegate,Rainy,46295082,10,8
504,67050,Harri,Cardenas,Romain,19800786,4,10
505,85493,Genna,Shakespeare,Nisius,25921850,66,4
506,58792,Emmott,Daubney,Busfield,27850505,39,5
507,61810,Joyce,Dayley,Duchart,18740937,81,3
508,44690,Alfie,Yanyshev,Tucsell,25206047,6,10
509,1350,Gabriel,Trowsdale,Skippings,48233081,53,5
510,15645,Godiva,Pughsley,Varnam,40372184,43,6
511,4941,Rosmunda,Bouts,Caldaro,19817961,13,3
512,25340,Alexandros,Rosthorn,Harriott,19115502,52,4
513,45815,Gustave,Stood,Pescott,39362162,48,10
514,48744,Logan,Baumber,Sowter,48442027,27,5
515,87905,Rebekah,Spary,Llewelyn,34321031,81,9
516,52809,Olwen,Matousek,Bohling,27981305,78,5
517,24867,Laural,Duthy,Just,47843926,46,7
518,27869,Adorne,Giacomi,Littrik,20528445,2,8
519,81266,Carine,Furness,Vasiljevic,26396088,45,3
520,97522,Lucais,Keeffe,Kydd,45075229,64,4
521,33252,Chickie,Sprague,Forson,30343332,80,3
522,43982,Shalne,Bourne,Lyles,42903237,92,4
523,68572,Delila,Blofeld,Veysey,39367421,69,2
524,35663,Marilee,Klicher,McCarter,49373402,96,5
525,30084,Andre,Wogden,Ives,32268330,19,2
526,45016,Ariel,Canceller,Wakeford,50242907,35,2
527,79392,Randa,Sermin,Hugin,24345105,48,7
528,46793,Mikaela,Beneix,Beenham,55433006,27,10
529,57924,Karel,Barnfather,Madner,53576353,32,4
530,4498,Etti,Thurlbourne,Blasdale,38604877,89,10
531,51940,Page,Rowlatt,Chrestien,53341280,65,10
532,12910,Margalit,MacDwyer,Bogges,17456767,10,5
533,50561,Ezra,Stigger,Malyon,25072873,82,4
534,99006,Corbie,Lewisham,Shackle,51290856,84,8
535,33395,Clint,Derle,Killford,42477342,77,1
536,42019,Annis,Taffs,Baudic,47822145,52,3
537,84159,Mareah,Beagan,Knoble,16695014,52,10
538,91456,Frasco,Eller,Cassam,39792723,44,8
539,65329,Gillian,Kiehnlt,Friese,32275508,81,8
540,77252,Wilden,Strase,MacGaughy,45434818,97,4
541,89661,Leontine,Newsham,Weinmann,19062421,55,8
542,5878,Madeline,McKissack,Lambdin,52220693,71,8
543,88764,Shirley,Creber,Lavrick,31300542,25,5
544,19985,Mavra,Grassin,Fruser,44618851,92,8
545,84622,Ynes,Glenton,Bywaters,54430161,9,3
546,51278,Molly,Record,Chater,32287850,97,1
547,85920,Brenn,Pidon,Leimster,39008640,8,5
548,58068,Uri,Vaggers,Szabo,30651590,64,7
549,76991,Susanetta,Goss,Mulrenan,32862518,3,1
550,67282,Henrik,Broomfield,Servante,45644393,4,9
551,20698,Mira,Bartol,Haythorn,16463322,27,2
552,33877,Thibaut,McGuinness,Coulthard,36458683,41,3
553,27288,Minne,Thebe,Arson,47945519,25,10
554,82985,Nester,Rucklidge,Cantrell,51629081,25,2
555,35026,Paton,Creane,Pettican,36775743,9,5
556,55927,Kristen,Claige,Gasken,47948636,68,6
557,85442,Garold,Polglase,Bugge,38453631,11,7
558,39041,Megen,Wanderschek,Pearch,24602991,29,2
559,70687,Fran,Beamand,Arnull,17219763,37,9
560,99707,Helene,Medlicott,Arrell,20537001,41,1
561,97842,Kalle,Anthoin,Waddicor,50317974,86,1
562,18653,Marlee,Salisbury,Gillam,30447759,61,8
563,9265,Stephanie,Goering,Broomhead,34185429,99,8
564,78520,Waring,Rowson,Riedel,52064886,12,10
565,82578,Christin,Beamiss,Ferrucci,52268438,77,10
566,28070,Gilligan,Gogin,Kitchingman,35395711,2,1
567,43319,Dena,Ferschke,Druhan,43455717,68,10
568,38725,Rudd,Fallowfield,Redgrove,29313590,63,2
569,37580,Bernardo,Emson,Kerne,21495443,71,4
570,63288,Chelsae,Buyers,Cobby,24269278,50,10
571,62567,Dana,Haggleton,Chapman,54666977,67,4
572,99568,Hanan,Woffenden,Minico,31282288,10,2
573,14478,Ina,Empleton,Marchent,43816063,34,9
574,50961,Inness,Jaray,Bodleigh,48726318,49,1
575,96502,Bobby,Sawl,Verlinden,20182077,83,7
576,45385,Quintina,Leyden,Mannion,21269682,87,7
577,53966,Harley,Jarmyn,Chesterton,22230298,12,7
578,68720,Sky,Toohey,Manthorpe,21053162,95,9
579,27920,Barbaraanne,Thews,Mac Giolla Pheadair,36362114,62,1
580,13448,Dani,Nerger,Carluccio,34939178,89,6
581,57985,Fidel,Heymann,Rentelll,44269362,29,2
582,89246,Cathleen,Chesman,Wimpeney,19520474,89,10
583,71107,Heather,Tomblin,Boag,27569685,48,4
584,2022,Kirsten,Bowsher,Kleinfeld,44588967,89,1
585,95479,Joyce,MacAless,Reaman,30413803,50,9
586,49009,Hale,Kirkebye,Macon,55701005,26,2
587,77231,Odele,Arlow,Mengo,36681878,42,10
588,6928,Taylor,Thickpenny,Perkinson,35462848,23,9
589,95623,Der,Haxley,Foffano,35075900,56,10
590,10892,Reagen,Keld,Totterdill,25077599,92,6
591,81301,Leandra,Fright,Eadon,29606719,53,7
592,10378,Giorgia,Dalley,Brixey,33126947,70,8
593,57399,Evyn,Benediktsson,Dufore,26964711,12,9
594,94045,Bertine,Petrillo,Pellew,52214501,95,7
595,32525,Deerdre,Dando,Radnage,41556587,70,5
596,68066,Sharona,Babbidge,Lyness,31143803,19,10
597,14471,Eveleen,Knowlton,Dell Casa,25847091,70,3
598,96622,Herc,D\'Almeida,Guerro,24624901,47,4
599,91401,Paxon,Thomton,Lockier,32236354,98,10
600,53262,Eugine,Nunnerley,Aldersea,18786328,65,7
601,5308,Shelley,Stoad,Crocetto,27061213,6,8
602,83708,Peadar,Garrison,Rummins,32739781,56,7
603,79658,Irwin,Thunder,Biskupski,26743867,76,3
604,92726,Cecily,Salkild,Lenthall,47035418,53,8
605,84429,Ced,Baldassi,Dumbrall,44699540,93,3
606,82022,Amabelle,Salvatore,Costigan,53290360,93,7
607,32211,Gillan,Marchant,Kewley,27530486,86,3
608,25681,Lorinda,Brownsall,Nollet,29999157,79,5
609,52802,Neron,Birdsall,Dikes,52772028,52,7
610,80951,Liana,Kalker,Khidr,49083348,27,7
611,36483,Kory,Muckersie,Willacot,27873486,97,6
612,57379,Midge,Mark,Gauchier,26909323,52,7
613,44653,Maure,Laydel,Coathup,25221744,7,1
614,72914,Olly,McPhelimy,Stodart,50963270,72,6
615,79605,Farrel,Aldhous,Clyde,51253735,91,9
616,77304,Terry,Batterton,Lindroos,52393650,73,1
617,27094,Reyna,Tulley,Rawood,54977620,91,3
618,50189,Yasmeen,Nisen,Whitchurch,52619448,43,5
619,1505,Doria,Caiger,Jahner,41028762,48,9
620,36079,Tore,Cohr,Abramamovh,44646903,36,6
621,46784,Lorrayne,Wenman,Michie,43261414,89,10
622,36185,Emlyn,Towersey,Tower,34277737,72,9
623,38235,Mannie,Andreone,Cocksedge,16280752,79,7
624,19565,Ezra,Goldsworthy,Mushawe,37506535,44,9
625,31252,Gill,Annesley,Udell,27848778,87,10
626,72239,Clare,Cottem,Spittall,30534665,64,5
627,86512,Melany,Clawley,Pipes,45961865,6,9
628,27036,Duffie,Burree,Linch,50193546,14,3
629,21826,Beverly,Stutard,Scopham,53214250,95,2
630,53377,Nerty,Paulucci,Mynott,28768412,98,4
631,12760,Lurleen,Futcher,Helgass,45546503,25,1
632,47668,Leroy,Parvin,MacDonagh,24038622,95,6
633,82591,Lemmy,Knowlden,MacSherry,50191968,55,7
634,99479,Eilis,Putson,Brinded,42341372,96,7
635,95711,Sutherlan,Nealy,Gammade,35558560,9,1
636,60337,Ermentrude,Wanless,Renzini,19729164,73,10
637,55489,Avrit,Ridgers,Dovey,21324072,97,6
638,93684,Stanislaus,Andreu,Element,38250438,18,8
639,13326,Kippy,Garden,Ambrosio,44318336,85,6
640,95857,Bess,Giovannetti,Rosellini,46478084,36,7
641,46170,Carlynne,Dine-Hart,Korneichik,29564053,18,2
642,98453,Elston,Langsdon,O\'Hogertie,17830810,9,2
643,34163,Natale,Stockall,Caret,22415842,43,10
644,35794,Alexei,Manis,Tuison,21203144,73,7
645,54480,Claire,Tommaseo,Shoveller,48868755,39,8
646,13138,Judi,Colls,Brill,27800995,17,7
647,35512,Eugenio,Defrain,Churm,48916298,98,9
648,31227,Terese,Doucette,Ruspine,29638112,33,9
649,37537,Danyette,Buff,Weaben,27395979,20,1
650,67364,Egan,Elleton,Radnedge,15538465,9,8
651,96184,Dorian,Fried,Crosse,43084245,65,8
652,49075,Marwin,Horsefield,O\' Mulderrig,42690153,33,4
653,76587,Eunice,Penburton,Chamberlin,44967972,50,6
654,86007,Lesley,Bertie,Sansbury,45849540,14,9
655,17367,Zarah,Pierse,Fitch,37152320,45,5
656,68848,Paul,Bulbrook,Hollindale,31226537,86,6
657,91667,Con,Perone,Mulbery,47301049,84,7
658,950,Geoffrey,Garoghan,Gerard,27264053,21,7
659,45521,Freida,Bucher,Haddrell,44671454,97,2
660,459,Cathlene,Audry,Kloster,27869826,91,3
661,29867,Konrad,Noquet,Bordessa,41633333,45,1
662,43431,Winny,Wickson,Pamplin,18173890,27,6
663,68818,Kare,Hellmer,Larne,25192322,69,1
664,63446,Witty,Boldecke,Kinkead,37945097,50,6
665,64294,Barn,Bresland,Brundale,29452081,81,7
666,96219,Ricardo,Alfonsetto,Chesterman,22451414,32,2
667,47016,Daisie,Norewood,Phillcox,36229961,72,7
668,42750,Lamond,Smellie,Malkin,31170462,12,8
669,84905,Edmund,Mourgue,Koeppke,34940642,80,5
670,97530,Justus,Grinikhinov,Piscopiello,55886131,58,3
671,90748,Lazare,Palfrey,Clemits,36406537,18,6
672,12578,Marketa,Grzegorek,Towns,27437413,77,4
673,20148,Catriona,Mawby,Lassells,41490711,58,1
674,77594,Goldia,Lambal,Werrett,40563165,97,5
675,93368,Shandeigh,Milstead,Jarlmann,53353393,81,9
676,34424,Rudiger,Sandwich,Getcliff,54443963,31,4
677,69372,Jolee,Wahlberg,Mearing,24577412,82,4
678,54083,Johnathan,Jankiewicz,Coxon,22035341,31,4
679,36997,Fleur,Thursby,Lapthorn,34790265,75,7
680,35080,Bev,Lindenblatt,Shakle,20988654,61,5
681,30217,Bart,Cumbers,Sopp,38811862,59,7
682,95256,Elfreda,Garber,Stangroom,25986246,28,4
683,654,Dare,Beacham,Fosh,39296415,62,1
684,45742,Dolores,Maberley,Tilbrook,53791791,53,9
685,37621,Tobe,Bowlas,Scholes,29207252,4,9
686,8021,Melita,Baulch,Janoch,19626344,3,4
687,9614,Tory,Stocky,Eldritt,49428134,55,4
688,12828,Elaina,Vokins,Langlands,49484837,23,10
689,59571,Alf,Kubica,Cearley,34794455,20,8
690,33801,Spencer,Elverston,Pennicott,26954109,97,3
691,86500,Ephrem,Mattingley,Vasyunkin,36778151,44,6
692,66422,Gisela,Tidmas,Buffy,52086715,19,10
693,50522,Gerek,Ciobotaro,Fortye,43351409,44,5
694,53724,Norah,Greenley,Menichillo,55164960,62,5
695,41674,Janela,Craythorn,Dhenin,27936368,48,5
696,28222,Erika,Bellwood,Dagnan,53485912,13,1
697,37729,Marcel,O\'Geaney,Linforth,26766125,85,3
698,67693,Martita,Briat,Shaddick,48370460,44,9
699,98844,Merrile,Akett,Tattoo,26014377,64,9
700,29847,Nelson,Gelly,Glennon,36620763,20,3
701,78558,Fleming,Holwell,McPharlain,16036995,17,6
702,59436,Amalie,Peers,Tidbold,49481018,65,6
703,84809,Tobiah,Mansuer,Fareweather,23375576,46,1
704,58031,Salvatore,Pascall,Lanphier,38974875,83,9
705,1898,Darcy,Sommer,Houten,38794593,45,5
706,31521,Culley,Kilfedder,Garrold,49349675,15,6
707,3375,Deanna,Normant,Ells,50872320,99,7
708,77955,Marris,Veryan,Scritch,22555916,49,6
709,68509,Auria,Ianizzi,Outhwaite,50397977,86,3
710,47358,Gloria,Rehorek,Spellar,38694068,78,1
711,1788,Maire,Husband,Blakeman,16104697,99,9
712,70324,La verne,Tanguy,Bendson,37858133,35,5
713,4194,Donal,Cud,Hubball,55462269,29,8
714,66813,Dieter,Gallen,Cropp,50689541,91,5
715,1308,Krishnah,Himpson,Gateley,39456911,15,4
716,11553,Farly,Vanini,Selby,35754577,94,10
717,41314,Roby,Cranston,Dolton,17142236,14,9
718,31967,Kassia,Bradbeer,Disbury,35206186,41,5
719,13628,Kermy,Dencs,McColl,18491509,70,2
720,96873,Ryann,Rohlfs,Yegorev,26520470,43,6
721,70417,Mufi,Frigout,Posner,32735516,32,5
722,9720,Luisa,Huge,Rocco,49093531,2,9
723,89779,Vera,Sowter,Graalman,44447138,63,3
724,17372,Taddeusz,Pitrollo,Lechmere,50132031,75,7
725,67506,Monroe,Fells,Issit,21519719,68,6
726,53191,Cleve,Campione,MacTavish,48066164,85,6
727,7463,Diana,Dome,Lattey,45829255,9,5
728,99295,Anson,Spuner,Denson,50450343,58,6
729,24097,Ashla,Kroger,Hassett,54937969,34,2
730,70408,Jule,Kitchingham,Stuchbery,49744677,84,1
731,29681,Guglielma,Brosnan,Terlinden,26895689,81,10
732,25735,Englebert,Bernardos,Huggins,31241347,18,7
733,90661,Sander,McDill,Grimsdike,26154035,73,7
734,68665,Wyn,Gumery,Burditt,52153927,41,10
735,41390,Boony,Bockh,Keedy,48397435,15,1
736,29869,Elita,Brettel,Pickworth,41790695,70,10
737,83400,Daile,De Gogay,Hatto,24179184,90,4
738,92901,Adelaida,Shillington,Bond,28901937,35,2
739,96434,Marleen,McQuilliam,Bertelmot,39274436,37,10
740,28476,Gasper,Churchard,Dollman,54148490,29,6
741,22003,Celina,Dunthorn,Probart,51587072,43,1
742,35046,Jesse,Paolino,Bende,17468020,19,2
743,4373,Alasdair,Bearsmore,Skerm,28887808,79,8
744,62279,Jo,Marfell,Nevet,38988103,61,6
745,68734,Daffie,Petrie,MacGiany,21535474,29,1
746,65045,Jamill,Kingsnoad,Routley,25106467,50,5
747,76930,Bambie,Keysel,Priest,46307410,63,7
748,23180,Dagmar,Lummasana,McKune,15199596,28,5
749,96912,Kenneth,Rosenauer,Cunnah,22268703,58,9
750,76277,Aurel,Sparkwill,Skoyles,37798079,59,5
751,3612,Lief,McConachie,Edsall,28387012,91,8
752,55895,Ferdinande,Samples,Dann,35647032,96,5
753,67204,Virgina,Tottie,Bassam,27051758,84,3
754,75535,Gaelan,Grindrod,MacBrearty,50940895,10,7
755,50201,Goran,Delle,Fritche,51562926,45,3
756,97970,Prentiss,Reeders,Fullbrook,41506850,84,10
757,26898,Minna,Russe,Iacobetto,20805067,84,3
758,90885,Humphrey,A\'field,Fandrich,15281916,80,8
759,98913,Des,Barrie,Dukelow,15097857,10,8
760,95884,Isiahi,Mayor,Bendley,51283664,81,6
761,95601,Norbie,Foot,Screach,23179448,20,4
762,32160,Luz,Balme,Widd,26545677,34,2
763,79325,Olenolin,Thurnham,Desson,45926734,68,10
764,76019,Brendin,Conyard,Gerold,16182831,30,5
765,98014,Aluin,Plaid,Loveless,47411932,34,5
766,63512,Sidney,Benez,Billo,36202675,66,4
767,90792,Eddy,McGlew,Swansbury,54930480,76,5
768,52118,Andee,Mepsted,Taylorson,52162379,50,7
769,83662,Alexa,Binden,Dytham,27045297,12,5
770,21470,Colan,Hail,Calterone,47851378,14,4
771,92389,North,Girkins,Raspel,37766029,93,10
772,64184,Huntlee,Guise,Wahncke,48747955,16,10
773,16508,Sheffield,Devil,Ransome,55351134,45,3
774,240,Bernetta,Brookes,Rosindill,28160969,80,6
775,22831,Free,Clipston,Flight,34992733,51,1
776,96099,Reid,Geraldo,Abbett,55863251,15,8
777,58333,Alair,Richardsson,Ebden,22974894,34,1
778,33675,Selie,Spohrmann,Roizn,38804263,39,5
779,57835,Franzen,Fordyce,Ritchard,30360702,82,6
780,97980,Petey,Greystoke,McGuffie,28489936,23,8
781,5997,Cecil,Hadwen,Chazette,39254199,28,4
782,52846,Thomasin,Dradey,Cudbird,52419578,96,4
783,31117,May,Kreuzer,Wilkin,47999026,85,5
784,28589,Lorrie,Kenrack,Dorken,55846309,39,3
785,61785,Joshua,Stranio,Sloam,17197990,81,7
786,52519,Natalee,Bysouth,Sneezem,44612411,45,8
787,62119,Geraldine,McKennan,Fish,48001089,31,2
788,92748,Hildagarde,Barribal,Rugiero,40919824,77,5
789,60655,Brandice,Janicijevic,Gamble,42118939,17,9
790,35618,Nadean,Whitchurch,Regler,51211440,14,5
791,91100,Lauralee,Bamforth,Ivanyushin,54512723,97,7
792,84912,Moshe,Springer,Stanbra,39013206,21,7
793,32792,Celene,Hedlestone,Hanwell,39380870,5,7
794,29257,Alameda,Goudman,Spier,43449740,24,7
795,81493,Morton,Ranaghan,Dedmam,34384266,32,9
796,41356,Hatti,Laxen,Bulcroft,28126482,31,9
797,29693,Ezequiel,Lapthorne,Bridgnell,20946946,40,5
798,88936,Pierre,Gidney,Betke,34761128,69,9
799,1742,Murvyn,Beccero,Beadles,39613837,30,7
800,45489,Garek,Wallege,Birrel,43601101,11,1
801,41371,Viv,Stutt,Pink,44951657,72,10
802,50874,Anabella,Killimister,Hebden,47245384,21,1
803,11681,Thom,Winney,Derham,43453973,19,5
804,78763,Ed,Paget,Inggall,27664926,32,10
805,42427,Sidonnie,Barthelme,O\'Cannavan,50580372,23,2
806,19927,Chrystal,Castan,Mazonowicz,41943170,31,7
807,73029,Gusty,MacCoughan,Rusted,32667817,85,9
808,27320,Ring,Carless,Pylkynyton,34256072,5,6
809,32817,Yule,Ludye,Kernan,29417285,20,4
810,16335,Lizzie,Petera,Ramsted,31541846,25,6
811,79463,Angela,Igounet,de Marco,28812944,97,9
812,62125,Nola,Doornbos,Jakubovics,25298064,42,10
813,92577,Nat,Losel,Bereford,21345667,37,6
814,9714,Douglass,Gabbat,Osipov,22729326,60,1
815,69330,Yevette,Cottam,Duckett,30149607,67,6
816,13873,Ad,Maltby,Becerra,24816293,83,5
817,84400,Tammy,Teaz,Rockell,30894332,86,9
818,27330,Cal,Joinson,Solon,38604367,71,2
819,16175,Whitney,Ciubutaro,McKinney,28790097,97,2
820,72014,Nahum,Tildesley,Ference,17568377,24,10
821,8817,Ebonee,Tallman,Frugier,44037900,46,2
822,378,Niki,Veneur,Tomlinson,46538093,16,1
823,42875,Duffy,Mounfield,Leimster,23952359,80,1
824,82281,Roda,Hryncewicz,Figures,48867858,24,1
825,84620,Emilio,Beddoe,Swede,45284973,60,8
826,45262,Melly,Lawn,Piscot,21124043,69,5
827,62041,Laurice,Kuzemka,Yu,47433116,39,2
828,65508,Allison,Elger,Girardy,32654990,37,10
829,36232,Thornie,Berns,Stolze,55514218,53,9
830,12268,Dniren,Bransom,St Pierre,55804019,23,2
831,13263,Tobit,Umney,Chaffyn,47136934,75,4
832,27960,Farrah,Gingold,Eadon,21846308,61,1
833,10361,Gregorio,Nelthorpe,Pegler,16881909,14,9
834,29658,Thalia,Insworth,Presswell,46481329,77,4
835,68755,Tillie,Legendre,Tett,40892904,63,5
836,13100,Normy,Clampe,Giovani,22773031,12,7
837,64478,Miller,Tumasian,Leverett,46576141,28,2
838,73684,Rebecka,Flather,Setford,53494143,66,2
839,92434,Nicolette,Compton,Nicely,51674445,77,1
840,5721,Alexandre,Novelli,Drepp,21103172,77,3
841,86752,Fernando,Yancey,Cordingly,37584455,84,3
842,59928,Thain,Hanstock,Proswell,15738634,57,5
843,70326,Alayne,Jolley,Benech,22143340,7,4
844,63425,Kassie,Gazey,Iowarch,44389727,26,1
845,75755,Erasmus,Father,McGorman,22156569,82,10
846,56228,Rocky,Stickney,Orwin,32619176,56,6
847,5824,Schuyler,Astlet,Janata,41146296,67,2
848,66128,Kirsteni,Druce,Dinjes,23689190,82,10
849,59511,Audra,Barbey,Probart,48240373,17,9
850,70835,Kirsti,Posthill,Valek,21665865,29,3
851,13136,Carmella,Fasson,Valler,52140703,36,5
852,83015,Dani,Gee,Bertelsen,40124459,51,4
853,31472,Onfre,Lurriman,Broadbear,30426017,69,1
854,96446,Stephani,Satterthwaite,Kinnard,40759450,11,8
855,73444,Demott,Caseri,Bielefeld,53442001,83,5
856,75768,Suellen,Rhubottom,Gulston,35201083,93,2
857,66513,Kaleena,De Filippo,Edgeson,45931923,87,3
858,58603,Cathyleen,McKeefry,Scocroft,37206440,53,1
859,86682,Gertrudis,Muncaster,Boughtwood,52083144,52,3
860,25840,Ivett,Yakunkin,Brogini,16982396,56,8
861,89229,Ana,Ryce,Chamney,23886016,40,7
862,88553,Aliza,Cardoe,Fenners,25209975,81,3
863,32296,Morlee,Paudin,Kenyam,26487679,37,3
864,11912,Rurik,Cochet,Dix,26425806,96,9
865,67428,Kelcie,Crippin,Elliott,35794436,2,2
866,79570,Marys,Heppenspall,Leehane,35050869,35,2
867,96138,Darb,Bowditch,Ablewhite,47021223,21,6
868,88528,Dominik,Alu,Rosendahl,17337113,20,2
869,29371,Gay,Irce,Murr,43430041,15,4
870,38238,Mathias,Covert,Stamp,42932210,84,9
871,76129,Brooks,Bartoloma,Mattsson,48630380,14,7
872,51689,Gipsy,Dodshun,Rakestraw,33977692,58,9
873,6990,David,Beincken,Guterson,34624621,48,6
874,86435,Josepha,McGurn,Janks,48439197,97,3
875,45517,Nerty,Carlill,Bryde,34882941,56,8
876,61712,Alejandrina,Kisting,Lankester,28113125,99,4
877,73326,Dewey,Jiras,Gierck,44353508,44,3
878,32022,Valenka,Tocher,Pirdue,31431624,7,8
879,43105,Abramo,Crother,Mathevon,18786003,31,2
880,9853,Viviene,Keunemann,Janos,51571607,22,3
881,83439,Elsie,Dilworth,Norton,47201426,49,7
882,34578,Vonni,Yoseloff,Bedingfield,34807714,64,6
883,42713,Leeann,Fraczek,Guyers,49347666,27,7
884,4768,Tarrah,Giddy,Hedges,25578662,97,1
885,4193,Zacharie,Bunney,Dudderidge,38968478,60,4
886,20204,Rosella,Humes,Floweth,40416300,48,7
887,55613,Hulda,Mogra,Pettigrew,22507724,21,7
888,67861,Marylin,Fyrth,Burdoun,29651798,1,9
889,63779,Cathie,Magne,Doman,51368240,98,1
890,4410,Noel,Childers,Esposita,25548340,49,3
891,67044,Shea,Blaske,Le Gallo,42632472,72,6
892,34817,Bob,Eberlein,Gallimore,52601105,1,5
893,6704,Lauren,Benardette,L\'Hommeau,52421694,89,2
894,51192,Germayne,Knewstub,Cherry,31096432,19,10
895,57386,Thorsten,Irce,McGenn,44227600,4,2
896,64083,Wat,Harkes,Snawdon,43427892,92,8
897,45249,Prentiss,Kleiner,Abadam,20767369,88,7
898,46280,Bartholomew,Le Marquand,Lenglet,23736532,35,8
899,60148,Helaina,Pavlenko,Lusgdin,31249354,12,1
900,2413,Alvin,Graham,Perutto,54028006,31,4
901,23814,Prinz,Flaunders,Lurcock,51178344,55,9
902,89820,Rudie,Goskar,Finders,55326931,66,6
903,74033,Cindy,Deignan,Jedraszek,38421203,13,8
904,47382,Hartley,Lea,Shotboult,53741881,53,2
905,33609,Bastian,Willshee,Craisford,30224922,21,1
906,66687,Berk,Buggs,Duggon,31461012,75,7
907,11576,Marthena,Stirrup,Climar,34384757,27,1
908,55492,Philippe,Rubes,Delagua,23863803,16,10
909,73609,Dian,Camacke,Milson,39863378,76,7
910,54493,Arnie,Brozek,Foad,32190113,82,6
911,34355,Janifer,Lamplugh,Chadburn,52132114,77,9
912,27938,Angel,Fritschmann,Tinmouth,39155324,18,9
913,25855,Christoforo,Dayer,Prator,53335618,45,2
914,38777,Molli,Merriott,Mulchrone,17429492,4,10
915,69914,Tracy,Besnardeau,Fateley,15631246,95,3
916,66191,Guenevere,Garlinge,Stoker,42859999,34,6
917,12057,Blithe,Weben,Antonomoli,25552122,6,7
918,62969,Raquela,Ambrogini,Hammarberg,54629670,93,3
919,82607,Harmonie,Revens,Canelas,19683557,98,9
920,93444,Delcina,Hammersley,Pethrick,28805798,81,2
921,63038,Gillan,Perico,Lohoar,43309338,83,1
922,66271,Stanleigh,Steanson,Neilus,36234051,5,7
923,60197,Lyda,Tortoishell,Abrahamsen,18851395,92,7
924,26532,Carson,Pringle,Khan,48694578,25,9
925,55434,Nita,Conibear,Crumbie,41983167,24,7
926,46666,Tiena,Hearl,Kerwick,50387804,16,8
927,47417,Suzi,Domenichini,Swainson,42328198,41,3
928,84548,Biddy,Lanbertoni,MacCaull,40302229,80,7
929,16240,Goldie,Heak,Twiddy,53498317,3,8
930,92432,Ogden,Wasiel,Handley,52866409,75,3
931,52080,Fanechka,Dingley,Kidsley,47974285,59,10
932,16001,Luke,Lochet,Rickardsson,21050544,67,4
933,31799,Helga,Cashin,Lavell,51367585,77,9
934,24231,Ichabod,Halvosen,Nussey,21144780,34,6
935,98229,Hanni,Paz,Sheeran,44826684,64,9
936,2546,Alethea,Hatje,Duran,40486401,24,4
937,75535,Benedetto,McBrearty,Teck,41109057,10,10
938,61608,Rachael,Amberg,Stanbridge,38997835,40,9
939,63666,Gabi,Gewer,Stoffer,52677648,22,7
940,32058,Liane,Lindfors,Uvedale,28745559,87,9
941,3951,Valina,Headington,Ribchester,21235334,37,3
942,23400,Harriet,Elecum,Armall,31555434,3,8
943,92321,Luci,Haxby,Dominichelli,48079233,51,3
944,5700,Nicol,Alejo,Bamforth,53163879,33,9
945,17032,Sven,Perford,Fladgate,41140031,57,6
946,93611,Gifford,Whittock,Manning,55820732,97,2
947,19069,Riki,Robertelli,Gegg,44064566,62,8
948,94752,Valenka,Niblett,Riley,18892290,57,9
949,56671,Wynne,Morefield,Cattermole,50382872,23,10
950,82252,Jeniffer,Crossan,Friese,39982969,8,1
951,52748,Pat,Farmiloe,Benner,16967439,68,7
952,70,Sarajane,Martignoni,Campagne,52929383,30,7
953,54650,Glen,Ashard,Fermoy,17900858,40,8
954,15213,Blisse,Echalier,Checcucci,22355098,71,6
955,87440,Bellanca,Egginton,Holbarrow,46158845,90,5
956,26630,Margret,Squelch,Ahrenius,44178191,58,3
957,98619,Mandie,Stockdale,Boscher,41691264,57,2
958,90983,Leonardo,Durston,Pickin,22986486,87,2
959,20113,Kati,Quarmby,Fri,55660712,31,6
960,76722,Ervin,Seilmann,Insworth,51724032,77,3
961,46406,Aguste,McAllen,Bartaloni,27197517,92,4
962,64644,Dedra,Reymers,Conti,18759278,40,10
963,94530,Carmelita,Jenks,Sicely,34341816,30,3
964,11304,Jeni,Tudhope,Salling,25969260,12,3
965,12810,Hortense,Peschmann,Carverhill,22295979,54,7
966,45950,North,Hayne,Agate,26772714,66,1
967,20061,Hope,Camelin,Isakson,28424465,21,10
968,47764,Meade,Jiracek,Dilley,27356133,1,1
969,5180,Galvan,Hanselmann,McGeouch,33181664,92,6
970,99945,Del,Duesberry,Shurmer,40697685,57,2
971,66896,Delaney,Seargeant,Woolf,16439335,48,3
972,71158,Wade,Maddie,Crielly,54095840,53,7
973,61028,Marketa,Rennenbach,Leipelt,52733526,91,1
974,93993,Glen,Swanston,Stickens,45511601,38,8
975,93961,Harley,Sellar,Chaise,45297641,90,6
976,32334,Latrena,D\'Aubney,Garwill,19501645,42,3
977,5059,Haslett,Dessaur,Nucci,36568605,29,10
978,22731,Collette,Worsnup,Vassbender,41628020,94,5
979,67140,Arther,Coye,Lamprecht,54663590,60,5
980,1894,Bern,Haddacks,Downey,34532331,85,3
981,23814,Celie,MacComiskey,Strathern,51869111,37,8
982,57393,Humfrid,Goodchild,Debnam,29919274,58,4
983,27448,Leontyne,Pykett,Pote,29950325,91,6
984,2828,Pat,Smy,Bavridge,40688744,43,8
985,73588,Gwendolyn,Basley,Nestoruk,37713358,74,6
986,99643,Cad,Cerro,Hargate,50569521,48,7
987,6844,Dominic,Rivard,Lehrmann,53988867,30,8
988,53769,Bride,Smeeth,Rishman,17440192,27,2
989,34671,Anne-marie,Dallicoat,Knowlys,44992414,76,6
990,24778,Cyndia,Loughnan,Kondratovich,25665622,39,1
991,19065,Shir,Flinders,Renbold,26528516,64,6
992,98806,Yelena,O\'Reilly,Hurcombe,31296081,11,1
993,81212,Carmelle,Sessions,Stobbes,45950291,48,3
994,82970,Maurie,Sked,Audrey,48184672,62,3
995,40600,Alanson,Rany,Veevers,27912216,29,8
996,33698,Aleksandr,Barehead,Pamplin,47306664,99,9
997,7275,Mead,Robbins,Chillingsworth,33389023,63,8
998,47689,Nikolas,McLaughlan,Tarbox,32018268,46,7
999,64725,Bar,Ickovic,Rylance,54291142,16,5
1000,48043,Neila,Bilbery,Bysshe,40129644,65,10
